<?xml version="1.0"?>
<!DOCTYPE hibernate-mapping PUBLIC "-//Hibernate/Hibernate Mapping DTD 3.0//EN"
"http://www.hibernate.org/dtd/hibernate-mapping-3.0.dtd">
<!-- Generated 09-May-2020 08:29:49 by Hibernate Tools 4.3.1 -->
<hibernate-mapping>
    <class name="Model.Books" table="books" catalog="hibernate" optimistic-lock="version">
        <id name="id" type="int">
            <column name="id" />
            <generator class="assigned" />
        </id>
        <many-to-one name="bookscategory" class="Model.Bookscategory" fetch="select">
            <column name="Category" not-null="true" />
        </many-to-one>
        <property name="title" type="string">
            <column name="Title" length="30" not-null="true" />
        </property>
        <property name="publishingHouse" type="string">
            <column name="PublishingHouse" length="30" not-null="true" />
        </property>
        <property name="publicationDate" type="date">
            <column name="PublicationDate" length="10" not-null="true" />
        </property>
        <property name="author" type="string">
            <column name="Author" length="30" not-null="true" />
        </property>
        <property name="pages" type="int">
            <column name="Pages" not-null="true" />
        </property>
    </class>
</hibernate-mapping>
